Study Hours,Actual Test Score,Predicted Test Score
2.2298253559552137,43.199948376044986,47.94789719129236
3.495653500929748,55.999830524644494,55.816145974050656
9.167235570226353,95.31042667052333,91.0700774735391
9.781214901740405,96.8195719761077,94.8865055937413
6.713451364759315,76.9407275476956,75.81762423613225
6.114523388035857,77.48623955115322,72.0947536849256
4.675117165752676,58.99531525611137,63.14756262953775
3.5309788253646213,54.10546329983556,56.03572431261796
1.476972830776968,42.84320497003655,43.268248545188506
6.502856179380785,71.69305462992477,74.50858768358924
2.3103449546607786,59.91783849483273,48.44839817716355
6.9850660827615325,82.35555441658946,77.50595150455713
6.571060038602148,71.93153472071506,74.93253538488538
7.935421901777359,76.33545865032643,83.4132589426525
3.114199700427422,49.16222015084167,53.44507102726842
9.619522213213296,89.68783525574689,93.88144159296421
9.724777642633745,88.54026303954632,94.53569778698557
3.429714555658973,58.151776856629965,55.40627672922234
9.63942256448014,87.33075923664462,94.00513999171878
6.423404813972891,74.54864557150046,74.01472671862254
