Area_sqft,Price
1828,116.17
2910,165.93
672,45.41
2540,154.88
1848,122.05
2309,159.4
741,58.34
2673,175.05
528,57.83
2767,167.87
2145,141.92
1344,89.48
517,59.66
2028,135.9
718,45.59
2022,130.83
2433,168.3
1168,80.43
1097,82.81
1055,81.48
1062,66.04
784,66.23
1124,65.88
2148,129.88
1256,97.84
2453,156.48
2549,155.15
2403,154.63
1849,119.09
1291,89.13
2825,179.94
1013,66.44
1661,109.76
1634,104.75
2364,132.16
1867,111.48
2499,171.13
2798,175.74
1476,85.94
2687,150.38
924,67.7
2791,187.12
945,68.11
2626,175.5
1476,102.7
2912,182.87
823,49.91
1664,118.9
2755,166.18
618,60.62
1162,73.77
708,58.71
1303,93.19
1476,97.64
2047,134.63
1144,78.26
896,60.79
925,84.93
2846,185.02
2883,168.96
1053,81.6
988,64.91
635,41.08
2899,187.78
2266,125.59
2402,159.38
1226,82.9
2103,131.55
649,57.79
2190,144.26
1949,116.93
1329,98.27
2276,144.31
2116,121.82
1597,104.14
966,84.94
558,65.46
2845,181.65
1203,72.26
1254,91.88
2203,147.67
1138,87.85
1439,104.99
2278,146.92
1989,126.67
2141,129.67
511,27.13
1628,110.94
1688,112.7
2081,138.03
878,52.91
898,73.84
2406,170.88
2183,138.85
2528,156.42
1176,85.77
2995,203.05
1182,72.77
2128,137.07
905,59.78
2797,166.36
1331,90.71
2506,169.3
1328,109.05
2477,158.72
1635,104.16
656,79.01
976,67.4
2209,133.78
982,54.26
1188,97.3
1854,129.65
1132,104.44
822,49.31
2061,145.94
2222,140.91
2333,154.38
2860,158.82
811,77.29
1567,112.05
1085,77.29
2753,175.87
1850,112.1
745,53.18
2231,136.07
607,32.86
1185,91.79
2304,156.64
1765,108.06
2403,153.65
1928,121.38
2608,164.72
1906,116.55
642,44.48
678,65.81
2443,151.73
596,71.0
1441,97.72
540,38.44
1258,99.46
1988,133.65
932,76.53
1665,121.48
2991,175.98
676,53.91
659,52.53
1178,69.88
2568,156.6
1514,114.63
2099,135.82
584,36.66
2338,131.03
668,71.39
2280,142.5
869,59.32
2646,160.79
1240,71.43
959,84.98
1342,87.88
502,59.28
912,68.68
1996,142.08
1252,89.43
1385,102.71
2518,163.68
809,68.73
1490,103.43
965,68.75
1707,131.04
1329,82.03
615,51.87
675,55.27
2631,166.73
642,49.02
2457,156.28
2790,169.76
1664,93.7
1280,88.5
2441,141.25
2956,163.24
801,63.42
2911,182.98
2860,180.57
856,70.75
636,33.65
2288,130.23
694,75.91
2002,117.64
661,60.46
2227,133.62
1079,78.14
740,52.37
666,60.25
971,72.77
1852,115.38
691,45.5
2506,158.51
2010,116.42
1243,90.64
2967,207.45
2147,149.59
2180,145.08
935,68.57
2277,123.85
1898,109.17
2962,193.74
1695,103.33
2195,131.73
1353,90.76
600,40.38
819,50.78
2668,164.24
2346,138.11
1412,88.25
2245,133.66
510,51.27
592,48.24
1768,113.45
2063,137.43
2843,172.94
2399,147.16
1143,85.57
2538,164.27
1729,111.62
2565,159.88
934,61.55
565,40.47
644,61.11
2978,186.24
701,61.11
2849,177.5
2318,145.95
865,72.54
2661,173.71
860,74.41
858,64.18
1939,138.51
1221,87.44
1227,91.81
987,75.11
2019,131.52
567,41.83
1112,86.17
1884,150.07
1716,108.63
2250,142.46
1040,70.74
2120,129.72
2400,165.44
1470,92.12
1142,76.07
1888,105.97
1947,117.51
735,41.34
1913,129.53
885,94.67
1922,120.04
2830,156.98
1843,128.36
2404,142.95
1274,101.06
2807,169.56
2532,150.94
2792,169.78
2354,155.05
2124,132.55
1813,112.75
2821,171.17
2621,149.44
1542,106.78
714,39.4
509,41.55
1083,85.16
656,57.11
1028,80.44
773,59.86
2953,192.11
738,67.84
2067,136.15
1379,103.12
935,76.93
2253,137.52
2927,165.55
2477,158.44
2939,185.11
1976,137.58
2184,128.76
866,56.57
2631,167.3
2370,147.64
1135,61.57
1387,98.04
2027,110.96
532,37.81
2545,171.49
1201,102.3
687,43.63
1326,87.64
2590,160.88
1185,100.99
1848,114.71
2530,152.38
584,65.61
2400,146.25
1222,92.43
2239,126.37
970,69.64
847,47.99
2471,143.35
2520,164.99
2954,179.97
2193,135.42
1665,102.09
987,70.08
1238,89.1
2120,144.43
1365,66.82
1709,103.68
920,70.19
1598,104.9
1095,82.26
780,63.58
830,60.6
1796,111.51
1416,93.42
749,70.68
1786,108.91
910,67.42
538,49.42
831,79.31
1621,104.15
2886,186.32
1104,91.04
1212,84.02
1106,76.72
1388,91.05
2294,141.61
1305,98.32
2144,138.23
2746,171.38
2866,164.38
1907,113.21
2283,165.0
2798,170.11
2467,145.94
1250,101.06
830,66.47
787,67.07
2706,165.45
1891,118.82
1241,84.56
1364,79.19
1204,83.34
2505,158.74
2031,148.21
2699,167.3
1254,63.63
1681,109.52
804,89.62
2929,187.76
1780,107.79
1883,127.48
1534,94.95
1177,69.2
2871,172.42
1722,113.63
2187,119.56
593,39.12
1190,83.55
2510,151.97
719,61.49
753,47.27
2525,164.02
1272,76.12
1184,99.55
1913,106.06
987,61.36
607,55.56
511,62.75
698,59.54
896,72.91
2240,141.38
1245,76.21
679,50.44
536,35.36
1693,98.33
2601,165.07
1347,80.85
659,57.44
1070,63.83
1748,117.1
972,66.57
2947,194.15
2409,153.73
1361,105.21
2879,168.79
1312,90.72
850,54.94
2846,170.39
2900,174.88
1281,81.2
1987,115.13
933,55.18
2104,110.32
2225,129.81
2275,149.4
1922,107.73
2261,128.67
1888,139.75
2550,151.89
949,73.41
1709,118.42
1541,109.38
1833,103.59
855,62.71
1309,73.81
2886,201.19
763,44.02
2088,122.36
2162,126.5
1686,95.76
584,63.65
585,74.4
1189,78.64
756,46.38
735,36.06
900,65.06
977,68.57
2597,154.32
2097,135.55
576,53.63
2071,135.14
841,61.09
1553,92.4
595,57.38
725,58.0
831,72.59
1583,112.97
1658,94.97
1382,79.67
2051,123.25
2301,133.99
2322,153.26
1948,128.65
1864,131.51
1729,117.06
1095,80.31
1717,124.43
525,51.57
2916,179.06
1425,111.18
2391,150.66
2892,174.02
1742,105.43
2655,171.06
1698,123.76
830,63.14
566,62.21
839,44.44
2857,174.58
1688,110.44
1298,82.12
1615,130.66
1140,80.04
2677,161.16
2999,183.2
712,37.13
2297,136.74
1339,101.48
618,45.7
2806,164.04
654,67.07
1014,87.17
563,54.13
1678,105.74
1999,125.55
1302,81.57
678,45.34
790,51.01
2834,167.69
2515,145.98
2843,158.73
1827,120.68
1865,122.92
2465,170.58
2042,123.63
1591,108.47
1230,88.78
1714,109.73
659,61.69
981,79.71
2344,150.19
2671,162.35
754,55.89
742,45.13
713,49.16
2479,148.12
1278,77.05
1317,94.83
531,59.17
2932,170.18
1585,108.01
2494,144.83
2269,139.75
854,58.07
2504,161.74
1876,114.39
2011,138.72
1000,70.54
2618,155.49
2830,161.12
1516,103.91
731,67.16
2622,164.94
2719,189.93
1766,129.43
1948,122.06
1057,72.95
668,59.44
2861,166.97
1707,123.55
1187,86.9
2233,143.38
565,55.94
699,73.67
1106,80.54
1627,106.35
1417,111.02
968,80.92
1378,90.58
1335,91.48
1812,119.61
1907,126.5
2708,153.37
2517,141.01
1231,76.83
2757,159.99
1802,110.67
969,77.64
1350,90.56
2355,149.49
2555,146.28
1435,92.31
894,73.04
979,77.79
758,52.44
2247,143.2
1757,136.62
1628,107.36
2180,130.97
2572,157.72
2489,155.82
842,62.8
1974,126.26
2707,152.45
2435,142.3
1323,89.27
1482,97.86
2726,162.27
582,48.24
1814,118.38
790,70.34
2737,167.54
596,54.77
558,43.27
1322,96.43
1000,76.76
1739,122.3
1249,93.83
1391,100.39
1912,122.18
1902,125.06
2838,184.73
1702,105.09
1911,116.82
2195,140.54
935,73.58
2168,129.0
2655,163.28
1295,88.29
946,47.88
1365,90.88
1187,81.71
1963,124.36
2660,178.46
1991,115.35
813,54.47
1287,62.66
2223,135.46
1326,86.97
1966,121.03
2235,152.0
1323,99.37
2119,135.32
1495,96.52
837,74.3
1430,96.45
1603,97.98
505,28.61
2732,163.85
1820,125.65
590,73.22
2670,165.47
2638,155.44
530,35.3
908,73.46
1409,77.85
1768,120.74
2315,153.5
1561,108.22
2029,127.4
525,52.52
2147,137.79
2789,163.61
1816,136.38
1637,104.52
1243,94.12
2886,152.54
583,62.83
1217,99.62
846,64.83
2666,170.22
1706,117.42
2806,165.9
2163,142.44
1892,113.97
1794,110.58
1006,84.6
1905,132.52
2213,132.65
2914,170.93
1872,114.5
2848,181.97
2862,165.41
1806,120.9
1598,113.36
856,64.2
1171,92.51
2698,163.35
845,62.34
1493,90.34
2247,151.76
1101,70.89
2936,182.98
2124,134.11
570,38.82
1118,73.4
2351,161.13
2658,166.21
2818,162.9
2628,165.59
687,54.32
2324,180.36
775,63.48
691,52.2
2230,154.85
1695,92.81
2120,135.54
2629,182.54
672,53.8
1819,100.71
2586,156.27
1601,120.6
1809,121.26
1745,105.59
2768,163.39
624,46.72
2695,169.84
2541,171.14
2532,167.78
1531,106.77
1790,103.13
1422,82.93
1129,85.43
2689,152.44
1765,112.82
2309,148.04
752,47.98
2473,143.77
2147,135.14
2995,187.76
835,74.54
1850,125.82
1778,116.53
1846,112.07
636,42.27
1683,105.46
1249,90.79
2044,133.79
1080,56.4
1588,97.48
2050,142.8
660,55.09
2467,139.51
2290,167.51
643,53.08
661,58.2
2626,166.43
1208,80.76
2652,156.58
1748,135.36
1356,102.61
1184,91.34
2148,141.9
774,50.54
1506,113.61
1364,84.59
885,69.51
1382,77.62
1822,97.8
2194,141.85
715,49.23
2681,145.56
2697,171.74
2230,161.85
2811,186.5
1570,101.78
2554,158.56
2318,154.37
1906,134.05
948,66.7
1894,122.51
2754,172.48
2962,186.45
1620,105.77
1120,78.4
2369,162.09
689,67.99
877,71.01
1905,139.97
2976,177.82
1322,106.94
1608,111.87
1306,122.54
1601,94.13
517,39.54
1987,131.47
1991,131.48
1289,108.4
1160,75.12
2404,159.27
969,82.92
617,58.98
601,41.45
2705,180.85
1411,107.9
754,65.47
2698,168.43
871,68.17
1342,91.02
551,54.71
2198,139.2
2248,133.15
2392,139.07
1157,74.11
1320,92.82
2846,174.26
2554,160.62
592,55.57
2230,134.38
2532,171.92
1898,119.71
2100,129.17
502,50.43
575,31.26
587,42.38
897,77.15
2978,164.42
2086,143.91
2456,168.19
1239,82.45
2844,177.34
997,84.03
2756,164.91
577,58.41
551,41.59
697,51.56
2480,146.41
1144,84.35
1628,119.12
1678,108.45
2474,141.36
1372,82.63
516,50.33
1466,117.07
1220,89.04
2327,142.12
2379,156.51
729,55.7
2483,150.78
676,45.6
2049,144.78
1473,73.62
1253,94.89
1708,107.3
1276,84.08
2485,171.6
2917,171.29
2540,150.9
1598,104.59
1758,118.83
1618,102.57
2484,138.88
1881,112.8
1670,122.66
1524,102.57
1437,101.55
1882,118.9
2223,133.67
1581,121.73
2517,154.55
2567,154.75
1573,115.48
2773,163.29
932,63.31
2831,173.81
1235,85.93
1911,125.7
1209,105.41
1605,109.64
1350,68.47
2263,145.73
703,57.04
2596,161.21
2760,172.26
1908,122.65
1868,120.21
2250,147.88
997,67.41
2375,139.15
1046,105.77
2191,131.35
1264,88.52
2366,133.17
2478,155.45
1021,64.82
2044,126.0
1746,124.48
1235,90.65
1971,132.09
2982,164.3
506,64.2
2893,165.2
2640,178.49
1823,128.48
2025,135.15
1423,87.72
822,64.73
1929,119.39
2541,158.05
1078,74.79
2293,123.73
2370,159.57
2396,148.97
1350,87.4
1480,93.8
1540,106.28
2636,154.04
2752,146.81
1535,106.5
2925,184.07
1926,121.93
1463,86.99
501,46.44
2028,114.89
2112,123.89
2921,171.15
2296,152.72
574,45.94
1918,119.01
2357,167.18
1741,117.28
1573,107.9
2525,153.18
2029,123.63
2204,117.36
1660,118.99
1195,88.21
1798,115.1
2898,176.02
2007,135.75
2268,127.19
810,56.65
2970,169.99
1112,96.88
2929,187.85
1614,84.74
2798,156.75
2730,166.83
2389,144.67
2791,158.26
2024,148.77
2622,165.34
930,73.9
675,48.2
1858,127.41
2525,153.07
2414,147.94
1820,124.21
1802,100.82
2025,145.35
2671,166.73
2605,174.08
774,49.82
1989,118.16
1452,86.24
2499,157.95
1765,115.73
2979,177.2
1581,94.81
2198,126.22
771,59.92
2831,169.05
883,59.71
1446,113.0
2594,159.85
2919,191.25
1711,106.77
1712,114.61
621,51.6
2948,163.16
541,62.04
565,47.72
1684,118.08
509,38.47
911,66.46
2069,123.13
2263,154.82
1245,89.59
2489,158.57
2019,142.63
1070,88.41
2281,151.11
1981,112.74
2531,150.25
886,56.69
1077,84.51
1259,88.95
1353,78.51
2722,165.82
2332,131.32
1860,119.77
1851,103.25
2715,172.61
1617,110.71
1063,95.54
842,72.79
1325,86.65
2133,143.5
1677,96.26
1554,93.85
1700,114.83
2938,158.01
2995,182.35
903,57.46
786,62.24
1111,68.33
2630,166.89
1649,108.89
2660,178.3
2117,134.5
1883,113.88
1204,81.75
1360,79.36
869,69.86
1798,122.79
1201,108.75
1231,79.49
598,48.21
2498,149.63
2849,176.82
1746,117.85
1840,118.67
2815,183.69
1779,109.68
2057,141.0
1570,109.73
1786,116.11
1805,114.13
2278,167.56
2011,120.43
1760,117.78
689,48.39
2762,187.77
2721,176.52
961,64.07
1233,90.94
2934,181.95
1302,84.44
2531,164.79
2465,157.47
2652,166.02
540,47.28
1707,116.2
1914,125.56
2593,161.21
1061,69.94
1267,104.62
949,59.69
2405,154.55
